src,tgt
"Following the process, HJR-3 will be reviewed again by the next elected legislature in either 2015 or 2016 to remain in process.",按照这一程序，HJR-3将由下一届选出的立法机构在2015年或2016年再次审议，以继续推进该程序。
"Vautier's achievements outside of directing include a hunger strike in 1973 against what he viewed as political censorship.",除了导演工作外，沃蒂埃的成就还包括1973年为抗议他所认为的政治审查而进行的绝食行动。
"French law was changed. His activism went back to age 15 when he joined the French Resistance during World War II.",法国法律因此得到修改。他的社会活动始于15岁，当时正值第二次世界大战期间，他加入了法国抵抗运动。
"He documented himself in a 1998 book.",他在1998年出版的一本书中记录了自己的经历。
"In the 1960s he headed back to newly-independent Algeria to teach film directing.",20世纪60年代，他回到刚刚独立的阿尔及利亚，教授电影导演课程。
"Japanese judoka Hitoshi Saito, winner of two Olympic gold medals, has died at the age of 54.",日本柔道选手、两枚奥运会金牌得主齐藤仁（Hitoshi Saito）逝世，享年54岁。
"The cause of death was announced as intrahepatic bile duct cancer.",官方公布的死因是肝内胆管癌。
"He died in Osaka on Tuesday.",他于周二在大阪去世。
"As well as a former Olympic and World champion, Saito was the All Japan Judo Federation training committee chairman at the time of his death.",除曾获得奥运会和世界冠军头衔外，齐藤仁去世时还担任全日本柔道联盟训练委员会主席。
"At least 100 people had attended the party, in order to celebrate the first anniversary of a couple whose wedding was held last year.",至少有100人参加了这场聚会，以庆祝这对夫妇去年结婚一周年。
"A formal anniversary event was scheduled for a later date, officials said.",官员表示，正式的周年纪念活动计划在稍后举行。
"The couple had married in Texas one year ago and came to Buffalo to celebrate with friends and relatives.",这对夫妇一年前在德克萨斯州结婚，随后来到布法罗与亲朋好友一起庆祝。
"The 30-year-old husband, who was born in Buffalo, was one of the four killed in the shooting, but his wife was not hurt.",这名30岁的丈夫出生于布法罗，是枪击事件中四名遇难者之一，但他的妻子没有受伤。
"Karno is a well-known but controversial English tutor who taught under Modern Education and King's Glory who claimed to have 9,000 students at the peak of his career.",卡诺是一名知名但颇具争议的英语教师，曾在现代教育和英皇教育任教。他声称自己在职业生涯巅峰时期拥有9000名学生。
"In his notes he used words which some parents considered coarse, and he reportedly used profanity in class.",他在笔记中使用了一些被部分家长认为粗俗的词语，据报道他也曾在课堂上使用脏话。
"Modern Education accused him of printing large advertisements on buses without authorisation and lying by saying that he was the chief English tutor.",现代教育指控他未经授权在公交车上刊登大型广告，并谎称自己是首席英语教师。
"He has also been accused previously of copyright infringement, but was not charged.",他此前也曾被指控侵犯版权，但并未受到起诉。
"A former student said that he 'used slang in class, taught dating skills in notes, and was just like the students' friend.'",一名前学生表示，他“在课堂上使用俚语，在笔记中教授约会技巧，就像学生的朋友一样”。
"During the last three decades, despite officially remaining a communist state, China has developed a market economy.",在过去三十年里，尽管中国官方仍将其定义为共产主义国家，但中国已经发展出了市场经济。
"The first economic reforms were made under the leadership of Deng Xiaoping.",最初的经济改革是在邓小平的领导下进行的。
"Since then, China's economic size has grown by 90 times.",从那以后，中国的经济规模增长了90倍。
"For the first time, last year China exported more cars than Germany and surpassed the United States as the biggest market for this industry.",去年，中国首次出口了比德国更多的汽车，并超过美国成为该行业最大的市场。
"China's GDP could be larger than the United States within two decades.",中国的国内生产总值可能在20年内超过美国。
"Tropical Storm Danielle, fourth named storm of the 2010 Atlantic hurricane season, has formed in the eastern Atlantic Ocean.",热带风暴“丹妮尔”已在大西洋东部形成，是2010年大西洋飓风季第四个获得命名的风暴。
"The storm, located approximately 3,000 miles from Miami, Florida, has maximum sustained winds of 40 mph (64 kph).",这场风暴位于距离佛罗里达州迈阿密约3000英里的海域，最大持续风速达到每小时40英里（64公里）。
"Scientists at the National Hurricane Center predict that Danielle will strengthen to a hurricane by Wednesday.",美国国家飓风中心的科学家预测，“丹妮尔”将在周三前增强为飓风。
"As the storm is far from landfall, it remains difficult to assess potential impact to the United States or Caribbean.",由于风暴距离登陆地点较远，目前仍难以评估其对美国或加勒比地区可能造成的影响。
"Born in the Croatian capital, Zagreb, Bobek gained fame while playing for Partizan Belgrade.",博贝克出生于克罗地亚首都萨格勒布，在效力贝尔格莱德游击队期间声名鹊起。
"He joined them in 1945 and stayed until 1958.",他于1945年加入该队，并一直效力到1958年。
"During his time with the team, he scored 403 goals in 468 appearances.",在效力该队期间，他出场468次，打入403球。
"No one else has ever made more appearances or scored more goals for the club than Bobek.",博贝克是该俱乐部出场次数最多且进球数最多的球员，至今无人超越。
"In 1995 he was voted the best player in Partizan's history.",1995年，他被评选为游击队历史上最佳球员。
"The celebrations started with a special show by the world-renowned group Cirque du Soleil.",庆祝活动以世界著名团体太阳马戏团的一场特别演出拉开序幕。
"It was followed by the Istanbul State Symphony Orchestra, a Janissary band, and the singers Fatih Erkoç and Müslüm Gürses.",随后登场的是伊斯坦布尔国家交响乐团、一支禁卫军乐队，以及歌手法提赫·埃尔科克和穆斯林·古尔斯。
"Then Whirling Dervishes took to the stage.",随后，旋转托钵僧登上了舞台。
"Turkish diva Sezen Aksu performed with the Italian tenor Alessandro Safina and Greek singer Haris Alexiou.",土耳其歌后塞泽·阿克苏与意大利男高音亚历山德罗·萨菲纳和希腊歌手哈里斯·阿莱克修同台演出。
"To finish, Turkish dance group Fire of Anatolia performed the show ""Troy"".",最后，土耳其舞蹈团“安纳托利亚之火”表演了节目《特洛伊》。
"Peter Lenz, a 13-year-old motorcycle racer, has died after being involved in a crash at the Indianapolis Motor Speedway.",13岁的摩托车赛车手彼得·伦茨在印第安纳波利斯赛车场发生事故后去世。
"While on his warm-up lap, Lenz fell off his bike, and was then struck by fellow racer Xavier Zayat.",伦茨在热身圈行驶时从赛车上摔下，随后被同场比赛的车手泽维尔·扎亚特撞击。
"He was immediately attended to by the on-track medical staff and transported to a local hospital where he later died.",赛道医疗人员立即对他进行救治，并将他送往当地医院，但他随后因伤势过重去世。
"Zayat was unhurt in the accident.",扎亚特在这起事故中没有受伤。
"Regarding the global financial situation, Zapatero continued by saying that ""the financial system is a part of the economy, a crucial part.",关于全球金融形势，萨帕特罗继续说道：“金融体系是经济的一部分，而且是至关重要的一部分。”
"We have a year-long financial crisis, which has had its most acute moment in the past two months, and I think now the financial markets are beginning to recover.""",“这场金融危机已经持续了一年，其中最严重的阶段出现在过去两个月。我认为，目前金融市场正开始复苏。”
"Last week, Naked News announced that it would dramatically increase its international language mandate to news reporting, with three new broadcasts.",上周，裸体新闻（Naked News）宣布将通过新增三档广播节目，大幅扩大其国际多语言新闻报道业务。
"Already reporting in English and Japanese, the global organization is launching Spanish, Italian, and Korean-language programs, for television, the web, and mobile devices.",该全球组织目前已使用英语和日语进行报道，并正在为电视、网络和移动设备推出西班牙语、意大利语和韩语节目。
"""Luckily nothing happened to me, but I saw a macabre scene, as people tried to break windows in order to get out.",“幸运的是，我没有受到任何伤害，但我目睹了可怕的一幕，人们试图打破窗户逃出去。”
"People were hitting the panes with chairs, but the windows were unbreakable.",人们用椅子撞击玻璃窗，但窗户无法被打破。
"One of the panes finally broke, and they started to get out by the window,"" said survivor Franciszek Kowal.",幸存者弗朗齐歇克·科瓦尔说：“最终一块玻璃碎了，他们开始从窗户逃出去。”
"Stars give off light and heat because of the energy made when hydrogen atoms are merged (or fused) together to form heavier elements.",恒星会发出光和热，这是因为氢原子结合（或聚变）形成更重元素时会产生能量。
"Scientists are working to create a reactor that can make energy in the same way.",科学家正在努力研制一种能够以相同方式产生能量的反应堆。
"This, however, is a very hard problem to solve and will take many years before we see useful fusion reactors built.",然而，这是一个非常难以解决的问题，可能需要很多年才能看到实用的聚变反应堆建成。
"The steel needle floats on top of the water because of surface tension.",钢针能够漂浮在水面上，是因为表面张力的作用。
"Surface tension happens because the water molecules at the surface of the water are strongly attracted to each other more than they are to the air molecules above them.",表面张力的产生是因为水面上的水分子彼此之间的吸引力，比它们与上方空气分子之间的吸引力更强。
"The water molecules make an invisible skin on the water’s surface that allows things like the needle to float on top of the water.",水分子会在水面形成一层看不见的薄膜，使像钢针这样的物体能够漂浮在水面上。
"The blade on a modern ice skate has a double edge with a concave hollow between them. The two edges allow for a better grasp of the ice, even when tilted.",现代冰鞋的刀刃具有双刃结构，两刃之间有一个凹槽。即使冰刀倾斜，双刃也能让冰鞋更好地抓住冰面。
"Because the bottom of the blade is slightly curved, as the blade tilts to one side or the other, the edge which is in contact with the ice also curves.",由于冰刀底部略微弯曲，当冰刀向任一侧倾斜时，与冰面接触的刀刃也会随之弯曲。
"This causes the skater to turn. If the skates tilt to the right, the skater turns right, if the skates tilt to the left, the skater turns left.",这会使滑冰者转向。如果冰刀向右倾斜，滑冰者就向右转；如果冰刀向左倾斜，滑冰者就向左转。
"To return to their previous energy level, they must get rid of the extra energy they got from the light.",为了恢复到原来的能量状态，它们必须释放从光中获得的额外能量。
"They do this by emitting a tiny particle of light called a ""photon"".",它们通过发射一种被称为“光子”的微小光粒子来实现这一过程。
"Scientists call this process ""stimulated emission of radiation"" because the atoms are stimulated by the bright light, causing the emission of a photon of light, and light is a type of radiation.",科学家将这一过程称为“受激辐射”，因为原子受到强光刺激后会发射光子，而光本身也是一种辐射。
"The next picture shows the atoms emitting photons. Of course, in reality photons are a lot smaller than those in the picture.",下一张图片展示了原子发射光子的过程。当然，实际上光子要比图片中显示的小得多。
"Photons are even smaller than the stuff that makes up atoms!",光子甚至比构成原子的物质还要小！
"After hundreds of hours of operation the filament in the bulb eventually burns out and the light bulb no longer works.",灯泡使用数百小时后，内部灯丝最终会烧坏，灯泡也就无法继续工作。
"The light bulb then needs replacing. It is necessary to be careful in replacing the light bulb.",此时需要更换灯泡，更换灯泡时必须小心操作。
"First, the switch for the light fixture needs to be turned off or the cable disconnected.",首先，需要关闭灯具开关或断开电缆连接。
"This is because electricity flowing into the socket where the metallic part of bulb sits can give you a severe electric shock if you touch the inside of the socket or the metal base of the bulb while it is still partly in the socket.",这是因为，当灯泡仍部分连接在插座中时，如果触碰插座内部或灯泡的金属底座，流入灯座的电流可能会导致严重电击。
"The major organ of the circulatory system is the heart, which pumps the blood.",循环系统的主要器官是心脏，它负责泵送血液。
"Blood goes away from the heart in tubes called arteries and comes back to the heart in tubes called veins. The smallest tubes are called capillaries.",血液通过称为动脉的血管从心脏流出，再通过称为静脉的血管回流到心脏。最细小的血管称为毛细血管。
"A triceratops' teeth would have been able to crush not only leaves but even very tough branches and roots.",三角龙的牙齿不仅能够咬碎树叶，甚至还能咬碎非常坚硬的树枝和树根。
"Some scientists think Triceratops ate cycads, which are a type of plant that was common in the Cretaceous.",一些科学家认为三角龙以苏铁为食，这是一种在白垩纪时期十分常见的植物。
"These plants look like a small palm tree with a crown of sharp, spiky leaves.",这些植物看起来像小型棕榈树，顶部生长着一簇尖锐、带刺的叶子。
"A Triceratops could have used its strong beak to strip off the leaves before eating the trunk.",三角龙可能会用强壮的喙剥去叶子，然后食用树干。
"Other scientists argue that these plants are very poisonous so it is unlikely that any dinosaur ate them, even though today the sloth and other animals like the parrot (a descendant of the dinosaurs) can eat poisonous leaves or fruit.",其他科学家认为这些植物具有很强的毒性，因此恐龙不太可能食用它们，尽管如今树懒以及其他动物（例如鹦鹉，恐龙的后代）能够食用有毒的叶子或果实。
"How would Io's gravity pull on me? If you stood on the surface of Io, you would weigh less than you do on Earth.",木卫一的重力会如何作用于我？如果你站在木卫一表面，你的体重会比在地球上轻。
"A person who weighs 200 pounds (90kg) on Earth would weigh about 36 pounds (16kg) on Io. So the gravity, of course, pulls less on you.",一个在地球上重200磅（90千克）的人，在木卫一上的重量约为36磅（16千克）。因此，木卫一的重力对你的拉力当然更小。
"The Sun doesn't have a crust like the Earth that you can stand on. The whole Sun is made out of gases, fire, and plasma.",太阳不像地球那样拥有可以站立的地壳。整个太阳由气体、炽热物质和等离子体组成。
"The gas becomes thinner as you go farther from the center of the Sun.",距离太阳中心越远，气体就会变得越稀薄。
"The outer-part we see when we look at the Sun is called the photosphere, which means ""ball of light"".",我们观察太阳时看到的外层称为光球层，其含义是“光之球”。
"About three thousand years later, in 1610, Italian astronomer Galileo Galilei used a telescope to observe that Venus has phases, just as the moon does.",大约三千年后，也就是1610年，意大利天文学家伽利略·伽利莱使用望远镜观察到金星也像月球一样具有相位变化。
"Phases happen because only the side of Venus (or of the Moon) facing the Sun is lighted. The phases of Venus supported the theory of Copernicus that the planets go around the Sun.",相位变化是因为金星（或月球）只有朝向太阳的一面被照亮。金星的相位变化支持了哥白尼提出的行星绕太阳运行的理论。
"Then, a few years later in 1639, an English astronomer named Jeremiah Horrocks observed a transit of Venus.",几年后，也就是1639年，英国天文学家杰里迈亚·霍罗克斯（Jeremiah Horrocks）观测到了金星凌日现象。
"England had experienced a long period of peace after the reconquest of the Danelaw.",重新征服丹麦法地区（Danelaw）后，英格兰经历了长期的和平时期。
"However in 991 Ethelred was faced with a Viking fleet larger than any since Guthrum's a century earlier.",然而，到了991年，埃塞尔雷德面对了一支规模超过一个世纪前古斯鲁姆以来任何维京舰队的维京舰队。
"This fleet was led by Olaf Trygvasson, a Norwegian with ambitions to reclaim his country from Danish domination.",这支舰队由奥拉夫·特里格瓦松率领，他是一名挪威人，企图将自己的国家从丹麦统治下夺回。
"After initial military setbacks, Ethelred was able to agree to terms with Olaf, who returned to Norway to try to gain his kingdom with mixed success.",在经历了最初的军事挫折后，埃塞尔雷德与奥拉夫达成了协议。奥拉夫随后返回挪威，试图夺回自己的王国，但结果喜忧参半。
"Hangeul is the only purposely invented alphabet in popular daily use. The alphabet was invented in 1444 during the reign of King Sejong (1418 – 1450).",韩文字母是目前唯一被专门创造并广泛用于日常生活的字母系统。该字母于1444年世宗大王（1418—1450年）统治时期发明。
"King Sejong was the fourth king of the Joseon Dynasty and is one of the most highly regarded.",世宗大王是朝鲜王朝第四代君主，也是朝鲜历史上最受尊敬的君主之一。
"He originally named the Hangeul alphabet Hunmin Jeongeum, which means ""the correct sounds for the instruction of the people"".",他最初将韩文字母命名为“训民正音”，意为“教导百姓的正确声音”。
"There are many theories to how Sanskrit came into existence. One of them is about an Aryan migration from the west into India who brought their language with them.",关于梵语的起源有许多理论，其中一种认为雅利安人从西方迁徙到印度，并将他们的语言带到了那里。
"Sanskrit is an ancient language and is comparable to the Latin language spoken in Europe.",梵语是一种古老语言，可与欧洲使用的拉丁语相媲美。
"The earliest known book in the world was written in Sanskrit. After the compilation of Upanishads, Sanskrit just faded due to hierarchy.",世界上已知最早的书籍是用梵文写成的。《奥义书》编纂完成后，梵语因社会等级制度的影响逐渐衰落。
"Sanskrit is a very complex and rich language, which has served to be the source for many modern Indian languages, just like Latin is the source for European languages like French and Spanish.",梵语是一种极其复杂且丰富的语言，是许多现代印度语言的源头，就像拉丁语是法语、西班牙语等欧洲语言的源头一样。
"With the battle for France over, Germany began to get ready to invade the island of Britain.",随着法国战役结束，德国开始准备入侵不列颠岛。
"Germany code-named the attack “Operation Sealion”. Most of the British Army's heavy weapons and supplies had been lost when it evacuated from Dunkirk, so the army was fairly weak.",德国将这次进攻代号命名为“海狮行动”。英国军队从敦刻尔克撤退时丢失了大部分重型武器和补给，因此军队实力相当薄弱。
"But the Royal Navy was still much stronger than the German Navy (“Kriegsmarine”) and could have destroyed any invasion fleet sent across the English Channel.",但皇家海军仍远强于德国海军（“Kriegsmarine”），并且本可以摧毁任何派遣穿越英吉利海峡的入侵舰队。
"However, very few Royal Navy ships were based near the likely invasion routes as the admirals were afraid they would be sunk by German air attack.",然而，由于海军将领担心舰艇会遭到德国空袭击沉，部署在可能入侵路线附近的皇家海军舰艇非常少。
"Let's start with an explanation about Italy's plans. Italy was mainly the ""little brother"" of Germany and Japan.",让我们先解释一下意大利的计划。意大利主要是德国和日本的“小兄弟”。
"It had a weaker army and a weaker navy, although they had just built four new ships right before the beginning of the war.",意大利的陆军和海军实力都较弱，尽管它在战争开始前不久刚建造了四艘新舰艇。
"Italy's main goals were African countries. To capture those countries, they would need to have a troop launching pad, so as troops could sail across the Mediterranean Sea and invade Africa.",意大利的主要目标是非洲国家。为了占领这些国家，他们需要一个出兵基地，以便军队能够横渡地中海并入侵非洲。
"For that, they had to get rid of British bases and ships in Egypt. Besides those actions, Italy's battleships were not supposed to do anything else.",为此，他们必须清除英国在埃及的基地和舰船。除此之外，意大利的战舰并不应该执行其他任务。
"Now for Japan. Japan was an island country, just like Britain.",现在来看日本。日本和英国一样，也是一个岛国。
"Submarines are ships designed to travel underwater, and remain there for an extended amount of time.",潜艇是一种用于水下航行并能在水下长时间停留的船只。
"Submarines were used in World War I and World War II. Back then they were very slow and had a very limited shooting range.",潜艇曾被用于第一次世界大战和第二次世界大战。当时的潜艇速度很慢，攻击射程也非常有限。
"In the beginning of the war they mostly travelled on top of the sea, but as radar began developing and becoming more accurate the submarines were forced to go under water to avoid being seen.",战争初期，潜艇大多在海面上航行，但随着雷达技术的发展和精确度提高，潜艇被迫潜入水下以避免被发现。
"German submarines were called U-Boats. The Germans were very good at navigating and operating their submarines.",德国潜艇被称为U型潜艇。德国人在导航和操控潜艇方面非常擅长。
"Because of their success with submarines, after the war Germans aren't trusted to have many of them.",由于德国人在潜艇作战方面取得的成功，战后德国不被允许拥有大量潜艇。
"Yes! King Tutankhamun, sometimes referred to as ""King Tut"" or ""The Boy King"", is one of the most well known ancient Egyptian kings in modern times.",是的！图坦卡蒙国王，有时被称为“图特王”或“少年国王”，是现代最著名的古埃及国王之一。
"Interestingly, he was not considered to be very important in ancient times and was not recorded on most ancient king lists.",有趣的是，他在古代并不被认为十分重要，也没有被记录在大多数古代国王名录中。
"However, the discovery of his tomb in 1922 made him a celebrity. While many tombs of the past were robbed, this tomb was left virtually undisturbed.",然而，1922年他的陵墓被发现后，他成为了名人。许多古代陵墓曾遭盗掘，而他的陵墓几乎完好无损。
"Most of the items buried with Tutankhamun have been well preserved, including thousands of artefacts made from precious metals and rare stones.",图坦卡蒙墓中的大部分陪葬品都保存完好，其中包括数千件由贵金属和稀有宝石制成的文物。
"The invention of spoke wheels made Assyrian chariots lighter, faster, and better prepared to outrun soldiers and other chariots.",辐条车轮的发明使亚述战车更加轻便、快速，也更容易超过步兵和其他战车。
"Arrows from their deadly crossbows could penetrate the armor of rival soldiers. About 1000 B.C., the Assyrians introduced the first cavalry.",他们致命的弩箭能够穿透敌军士兵的盔甲。大约公元前1000年，亚述人建立了最早的骑兵部队。
"A cavalry is an army that fights on horseback. The saddle had not yet been invented, so the Assyrian cavalry fought on the bare backs of their horses.",骑兵是指骑马作战的军队。当时马鞍尚未发明，因此亚述骑兵只能骑在没有马鞍的马背上作战。
"We know many Greek politicians, scientists, and artists. Possibly the most known person of this culture is Homer, the legendary blind poet, who composed two masterpieces of Greek literature: the poems Iliad and Odyssey.",我们了解许多希腊政治家、科学家和艺术家。这个文化中最著名的人物可能是传奇盲人诗人荷马，他创作了希腊文学的两部杰作：《伊利亚特》和《奥德赛》。
"Sophocles and Aristophanes are still popular playwrights and their plays are considered to be among the greatest works of world literature.",索福克勒斯和阿里斯托芬至今仍是著名剧作家，他们的戏剧被认为是世界文学中最伟大的作品之一。
"Another famous Greek is a mathematician Pythagoras, mostly known for his famous theorem about relations of the sides of right triangles.",另一位著名的希腊人是数学家毕达哥拉斯，他主要因提出关于直角三角形边长关系的著名定理而闻名。
"There are varying estimates for how many people speak Hindi. It is estimated to be between the second and fourth most commonly spoken language in the world.",关于印地语使用者的人数有不同估计。据估计，印地语是世界上使用人数排名第二至第四的语言。
"The number of native speakers varies depending on whether or not very closely related dialects are counted.",母语使用者数量会因是否将关系非常密切的方言计算在内而有所不同。
"Estimates range from 340 million to 500 million speakers, and as many as 800 million people can understand the language.",据估计，印地语使用者人数约为3.4亿至5亿，而能够理解这种语言的人数多达8亿。
"Hindi and Urdu are similar in vocabulary but different in script; in everyday conversations, speakers of both languages can usually understand each other.",印地语和乌尔都语在词汇方面相似，但书写系统不同；在日常交流中，两种语言的使用者通常能够相互理解。
"Around the 15th century, northern Estonia was under great cultural influence of Germany.",15世纪前后，爱沙尼亚北部深受德国文化的影响。
"Some German monks wanted to bring God closer to the native people, so they invented the Estonian literal language.",一些德国修道士希望让上帝更贴近当地民众，因此创造了爱沙尼亚书面语言。
"It was based on the German alphabet and one character ""Õ/õ"" was added.",它以德文字母表为基础，并增加了一个字母“Õ/õ”。
"As time passed, many words that were borrowed from German coalesced. This was the beginning of enlightenment.",随着时间推移，许多借自德语的词汇逐渐融合，这标志着启蒙运动的开始。
"Traditionally, the heir to the throne would go straight into the military after finishing school.",传统上，王位继承人在完成学业后会直接进入军队服役。
"However, Charles went to university at Trinity College, Cambridge where he studied Anthropology and Archaeology, and later History, earning a 2:2 (a lower second class degree).",然而，查尔斯进入剑桥大学三一学院学习，先后研修人类学、考古学和历史学，并获得了二等二级学位（较低的二等学位）。
"Charles was the first member of the British Royal Family to be awarded a degree.",查尔斯是英国王室中第一位获得大学学位的成员。
"European Turkey (eastern Thrace or Rumelia in the Balkan peninsula) includes 3% of the country.",欧洲部分的土耳其（巴尔干半岛上的东色雷斯或鲁米利亚）占该国国土面积的3%。
"The territory of Turkey is more than 1,600 kilometres (1,000 mi) long and 800 km (500 mi) wide, with a roughly rectangular shape.","土耳其领土长1600多公里（1000英里），宽800公里（500英里），大致呈矩形。"
"Turkey's area, including lakes, occupies 783,562 square kilometres (300,948 sq mi), of which 755,688 square kilometres (291,773 sq mi) are in south west Asia and 23,764 square kilometres (9,174 sq mi) in Europe.","土耳其国土面积（包括湖泊）为783,562平方公里（300,948平方英里），其中755,688平方公里（291,773平方英里）位于西南亚，23,764平方公里（9,174平方英里）位于欧洲。"
"Turkey's area makes it the world's 37th-largest country, and is about the size of Metropolitan France and the United Kingdom combined.",土耳其面积位居世界第37位，约相当于法国本土和英国面积之和。
"Turkey is encircled by seas on three sides: the Aegean Sea to the west, the Black Sea to the north and the Mediterranean Sea to the south.",土耳其三面环海：西临爱琴海，北临黑海，南临地中海。
"Luxembourg has a long history but its independence dates from 1839.",卢森堡历史悠久，但其独立地位始于1839年。
"Present-day parts of Belgium were part of Luxembourg in the past but became Belgian after the 1830s Belgian Revolution.",如今比利时的部分地区过去曾属于卢森堡，但在19世纪30年代比利时革命后成为比利时领土。
"Luxembourg has always tried to remain a neutral country but it was occupied in both World War I and World War II by Germany.",卢森堡一直努力保持中立国地位，但在第一次世界大战和第二次世界大战期间均被德国占领。
"In 1957 Luxembourg became a founding member of the organization which is today known as the European Union.",1957年，卢森堡成为如今称为欧盟的这一组织的创始成员国。
"The Drukgyal Dzong is a ruined fortress and Buddhist monastery in the upper part of the Paro District (in Phondey Village).",朱克杰宗（Drukgyal Dzong）是一座废弃的堡垒和佛教寺院，位于帕罗宗上部地区（方德村）。
"It is said that in 1649, Zhabdrung Ngawang Namgyel created the fortress to commemorate his victory against the Tibetan-Mongol forces.",据说，1649年，夏仲阿旺朗杰（Zhabdrung Ngawang Namgyel）建造了这座堡垒，以纪念他战胜藏蒙联军的胜利。
"In 1951, a fire caused for only some of the relics of the Drukgyal Dzong to remain, such as the image of Zhabdrung Ngawang Namgyal.",1951年，一场大火使朱克杰宗仅留下少量遗迹，例如夏仲阿旺朗杰的塑像。
"After the fire, the fortress was preserved and protected, remaining to be one of Bhutan's most sensational attractions.",火灾后，这座堡垒得到保存和保护，至今仍是不丹最引人注目的景点之一。
"During the 18th century Cambodia found itself squeezed between two powerful neighbors, Thailand and Vietnam.",18世纪的柬埔寨处于两个强大邻国——泰国和越南之间的夹缝中。
"The Thais invaded Cambodia several times in the 18th century and in 1772 they destroyed Phnom Phen.",18世纪期间，泰国曾多次入侵柬埔寨，并于1772年摧毁了金边。
"In the last years of the 18th century the Vietnamese also invaded Cambodia.",18世纪末，越南也入侵了柬埔寨。
"Eighteen percent of Venezuelans are unemployed, and most of those who are employed work in the informal economy.",18%的委内瑞拉人处于失业状态，而就业者中的大多数从事非正规经济活动。
"Two thirds of Venezuelans who work do so in the service sector, nearly a quarter work in industry and a fifth work in agriculture.",在就业的委内瑞拉人中，三分之二从事服务业，近四分之一从事工业，五分之一从事农业。
"An important industry for Venezuelans is oil, where the country is a net exporter, even though only one percent work in the oil industry.",石油是委内瑞拉的重要产业之一。该国是石油净出口国，尽管只有1%的人从事石油行业。
"Early in the nation's independence, Singapore Botanic Gardens' expertise helped to transform the island into a tropical Garden City.",新加坡独立初期，新加坡植物园凭借其专业知识帮助该岛转变为热带花园城市。
"In 1981, Vanda Miss Joaquim, an orchid hybrid, was chosen as the nation's national flower.",1981年，兰花杂交品种卓锦万代兰被选为新加坡国花。
"Every year around October nearly 1.5 million herbivores travel towards the southern plains, crossing the Mara River, from the northern hills for the rains.",每年10月左右，近150万只食草动物从北部山区出发，穿越马拉河，前往南部平原迎接雨季。
"And then back to the north through the west, once again crossing the Mara river, after the rains in around April.",大约在4月雨季结束后，它们又经由西部返回北方，再次穿越马拉河。
"The Serengeti region contains the Serengeti National Park, the Ngorongoro Conservation Area and Maswa Game Reserve in Tanzania and the Maasai Mara National Reserve in Kenya.",塞伦盖蒂地区包括坦桑尼亚的塞伦盖蒂国家公园、恩戈罗恩戈罗保护区、马斯瓦野生动物保护区，以及肯尼亚的马赛马拉国家保护区。
"Learning to create interactive media requires conventional and traditional skills, as well as tools mastered in interactive classes (storyboarding, audio and video editing, story telling, etc.)",学习制作互动媒体需要掌握传统和常规技能，以及在互动课程中学习的相关工具（如分镜设计、音频和视频编辑、故事叙述等）。
"Interactive design requires that you re-assess your assumptions about media production and learn to think in a non-linear ways.",互动设计要求你重新审视对媒体制作的假设，并学会以非线性方式思考。
"Interactive design requires that components of a project connect to each other, but also make sense as a separate entity.",互动设计要求项目各组成部分相互连接，同时也能够作为独立实体发挥作用。
"The disadvantage of zoom lenses is that the focal complexity and number of lens elements required to achieve a range of focal lengths is much greater than for prime lenses.",变焦镜头的缺点是，为实现不同焦距范围，其焦距设计复杂度以及所需镜片元件数量都远高于定焦镜头。
"This is becoming less of an issue as lens manufacturers achieve higher standards in lens production.",随着镜头制造商不断提高生产标准，这一问题正在逐渐减轻。
"This has allowed zoom lenses to produce pictures of a quality comparable to that achieved by lenses with fixed focal length.",这使得变焦镜头能够拍摄出与固定焦距镜头质量相当的照片。
"Another disadvantage of zoom lenses is that the maximum aperture (the speed) of the lens is usually lower.",变焦镜头的另一个缺点是其最大光圈（镜头速度）通常较小。
"This makes inexpensive zoom lenses hard to use in low-light conditions without a flash.",这使得廉价变焦镜头在没有闪光灯的情况下难以在低光环境中使用。
"One of the most common problems when trying to convert a movie to DVD format is the overscan.",将电影转换为DVD格式时最常见的问题之一是过扫描。
"Most televisions are made in a way to please the general public.",大多数电视机的设计都是为了满足普通观众的观看需求。
"For that reason, everything you see on the TV had the borders cut, top, bottom and sides.",因此，电视上显示的画面通常会裁剪掉顶部、底部和两侧的边缘。
"This is made to ensure that the image covers the whole screen. That is called overscan.",这样做是为了确保图像覆盖整个屏幕，这种现象称为“过扫描”。
"Unfortunately, when you make a DVD, it's borders will most likely be cut too, and if the video had subtitles too close to the bottom, they won't be fully shown.",遗憾的是，制作DVD时，画面的边缘也很可能会被裁剪。如果视频中的字幕太靠近底部，就无法完整显示。
"The traditional medieval castle has long inspired the imagination, conjuring up images of jousts, banquets and Arthurian chivalry.",传统的中世纪城堡长期以来激发着人们的想象，让人联想到骑士比武、盛宴以及亚瑟王时代的骑士精神。
"Even standing amidst thousand year-old ruins it is easy to bring to mind the sounds and smells of battles long gone, to almost hear the clatter of hooves on the cobbles and to smell the fear rising from the dungeon pits.",即使站在千年古老的废墟中，人们也很容易想起早已消逝的战争场景，仿佛能听见马蹄踏在鹅卵石上的声响，也能闻到从地牢深处散发出的恐惧气息。
"But is our imagination based on reality? Why were castles built in the first place? How were they designed and built?",但我们的想象是否基于现实？城堡最初为何建造？它们又是如何设计和建造的？
"Typical for the period, Kirby Muxloe Castle is more of a fortified house than a true castle.",作为那个时期的典型建筑，基比穆克斯洛城堡（Kirby Muxloe Castle）与其说是真正的城堡，不如说是一座防御性住宅。
"Its large glazed windows and thin walls would not have been able to resist a determined attack for long.",它的大型玻璃窗和薄墙无法长时间抵御有组织的猛烈攻击。
"In the 1480s, when its construction was begun by Lord Hastings, the country was relatively peaceful and defense was only required against small bands of roving marauders.",15世纪80年代，当黑斯廷斯勋爵开始建造它时，该国相对和平，只需防御小股流窜的劫匪。
"The balance of power was a system in which European nations sought to maintain the national sovereignty of all European states.",均势是一种欧洲国家试图维护所有欧洲国家主权的体系。
"The concept was that all European nations had to seek to prevent one nation from becoming powerful, and thus national governments often changed their alliances in order to maintain the balance.",这一理念认为，所有欧洲国家都应防止某一国家变得过于强大，因此各国政府经常调整联盟关系，以维持力量平衡。
"The War of Spanish Succession marked the first war whose central issue was the balance of power.",西班牙王位继承战争标志着第一场以均势问题为核心的战争。
"This marked an important change, as European powers would no longer have the pretext of being religious wars. Thus, the Thirty Years' War would be the last war to be labeled a religious war.",这标志着一个重要变化，因为欧洲列强不再能够以宗教战争作为借口。因此，三十年战争将成为最后一场被称为宗教战争的战争。
"The temple of Artemis at Ephesus was destroyed on July 21, 356 BCE in an act of arson committed by Herostratus.",公元前356年7月21日，以弗所的阿尔忒弥斯神庙被赫罗斯特拉图斯（Herostratus）纵火焚毁。
"According to the story, his motivation was fame at any cost. The Ephesians, outraged, announced that Herostratus' name never be recorded.",据传，他的动机是为了不惜一切代价获得名声。愤怒的以弗所人宣布永远不记录赫罗斯特拉图斯的名字。
"The Greek historian Strabo later noted the name, which is how we know today. The temple was destroyed on the same night that Alexander the Great was born.",希腊历史学家斯特拉博后来记录了这个名字，因此我们今天才得以知晓。该神庙在亚历山大大帝出生的同一夜被毁。
"Alexander, as king, offered to pay to rebuild the temple, but his offer was denied. Later, after Alexander died, the temple was rebuilt in 323 BCE.",亚历山大大帝成为国王后曾提出出资重建神庙，但这一提议遭到拒绝。后来，在亚历山大去世后，神庙于公元前323年重建。
"Make sure your hand is as relaxed as possible while still hitting all the notes correctly - also try not to make much extraneous motion with your fingers.",确保你的手在准确弹奏所有音符的同时尽可能保持放松，也尽量避免手指做多余的动作。
"This way, you will tire yourself out as little as possible. Remember there's no need to hit the keys with a lot of force for extra volume like on the piano.",这样可以最大程度减少疲劳。记住，不需要像弹钢琴时为了增加音量那样用很大的力气敲击琴键。
"On the accordion, to get extra volume, you use the bellows with more pressure or speed.","在手风琴上，如果想获得更大的音量，需要以更大的力度或更快的速度拉动风箱。"
"Mysticism is the pursuit of communion with, identity with, or conscious awareness of an ultimate reality, divinity, spiritual truth, or God.","神秘主义是追求与终极实在、神性、精神真理或上帝建立联系、融为一体，或获得对其的自觉意识。"
"The believer seeks a direct experience, intuition, or insight into divine reality/the deity or dieties.","信徒寻求对神圣实在、神祇或诸神的直接体验、直觉感悟或深刻洞见。"
"Followers pursue certain ways of living, or practices that are intended to nurture those experiences.","追随者遵循某些生活方式或修行实践，以培养和深化这些体验。"
"Mysticism can be distinguished from other forms of religious belief and worship by its emphasis on the direct personal experience of a unique state of consciousness, particularly those of a peaceful, insightful, blissful, or even ecstatic character.","神秘主义与其他形式的宗教信仰和崇拜的区别在于，它强调个人直接体验一种独特的意识状态，尤其是平静、具有洞察力、幸福甚至狂喜的意识状态。"
"Sikhism is a religion from the Indian sub-continent. It originated in the Punjab region during the 15th century from a sectarian split within the Hindu tradition.","锡克教是一种起源于印度次大陆的宗教，于15世纪在旁遮普地区由印度教传统内部的一个宗派分化而产生。"
"Sikhs consider their faith to be a separate religion from Hinduism though they acknowledge its Hindu roots and traditions.","锡克教徒认为他们的信仰是独立于印度教之外的宗教，尽管他们承认锡克教具有印度教的根源和传统。"
"Sikhs call their religion Gurmat, which is Punjabi for ""way of the guru"". The guru is a fundamental aspect of all Indian religions but in Sikhism has taken on an importance that forms the core of Sikh beliefs.","锡克教徒称其宗教为Gurmat，在旁遮普语中意为“古鲁之道”。古鲁是所有印度宗教中的重要概念，但在锡克教中具有特殊地位，并构成了锡克教信仰的核心。"
"The religion was founded in the 15th century by Guru Nanak (1469–1539). There followed in succession a further nine gurus.","该宗教由古鲁·纳纳克（1469—1539年）于15世纪创立，之后又相继出现了九位古鲁。"
"However, in June 1956, Krushchev's promises were put to the test when riots in Poland, where workers were protesting against food shortages and wage cuts, turned into a general protest against Communism.","然而，1956年6月，当波兰因工人抗议食品短缺和工资削减而爆发的骚乱演变成一场反对共产主义的全面抗议时，赫鲁晓夫的承诺受到了考验。"
"Although in the end, Krushchev sent in tanks to restore order, he did give way to some economic demands and agreed to appoint the popular Wladyslaw Gomulka as the new prime minister.","尽管最终赫鲁晓夫派出坦克恢复秩序，但他也满足了部分经济诉求，并同意任命深受民众支持的瓦迪斯瓦夫·哥穆尔卡为新总理。"
"The Indus Valley Civilization was a Bronze Age civilisation in the northwest Indian subcontinent encompassing most of modern-day Pakistan and some regions in northwest India and northeast Afghanistan.","印度河流域文明是青铜时代的一个文明，位于印度次大陆西北部，范围涵盖现代巴基斯坦的大部分地区，以及印度西北部和阿富汗东北部的一些区域。"
"The civilisation flourished in the basins of the Indus River wherefore it derives its name.","该文明繁盛于印度河流域，因此得名印度河流域文明。"
"Although some scholars speculate that since the civilisation also existed in the basins of the now dried up Sarasvati River, it should be aptly called the Indus-Sarasvati Civilization, while some call it the Harappan Civilization after Harappa, the first of its sites to be excavated in the 1920s.","尽管一些学者认为，由于该文明也存在于如今已经干涸的萨拉斯瓦蒂河流域，因此称其为“印度河—萨拉斯瓦蒂文明”更为恰当；另一些人则根据20世纪20年代最早发掘的遗址哈拉帕，将其称为“哈拉帕文明”。"
"The militaristic nature of the Roman empire aided in the development of medical advances.","罗马帝国的军事化性质推动了医学的发展与进步。"
"Doctors began to be recruited by Emperor Augustus and even formed the first Roman Medical Corps for use in the aftermath of battles.","奥古斯都皇帝开始招募医生，甚至组建了第一支罗马医疗队，用于战后的救治工作。"
"Surgeons had knowledge of various sedatives including morphine from extracts of poppy seeds and scopolamine from herbane seeds.","外科医生掌握了多种镇静剂的使用知识，包括从罂粟种子提取的吗啡以及从莨菪种子提取的东莨菪碱。"
"They became proficient at amputation to save patients from gangrene as well as tourniquets and arterial clamps to stem blood flow.","他们熟练掌握了通过截肢挽救坏疽患者的方法，以及使用止血带和动脉夹来控制血流。"
"Over multiple centuries, the Roman empire led to great gains in the field of medicine and formed much of the knowledge we know today.","在数个世纪的发展过程中，罗马帝国推动了医学领域的巨大进步，并奠定了许多我们今天所知医学知识的基础。"
"Pureland origami is origami with the restriction that only one fold may be done at a time, more complex folds like reverse folds are not allowed, and all folds have straightforward locations.","净土折纸是一种具有严格限制的折纸形式：每次只能进行一次折叠，不允许进行反向折叠等复杂折法，并且所有折痕位置都必须明确且简单。"